condition,scenario,method,param,attack,side,n_clusters,n_trajectories,hit,hit_low,hit_high,error_cells,error_cells_low,error_cells_high,error_m,error_m_low,error_m_high,peak,peak_low,peak_high,logloss,logloss_low,logloss_high,covered95,covered95_low,covered95_high,credible95,credible95_low,credible95_high,entropy,entropy_low,entropy_high,prior_hit,prior_hit_low,prior_hit_high,raw_completion,raw_completion_low,raw_completion_high,coverage,coverage_low,coverage_high,reward,reward_low,reward_high,latency_slots,latency_slots_low,latency_slots_high,gate_us_p50,gate_us_p50_low,gate_us_p50_high,gate_us_p95,gate_us_p95_low,gate_us_p95_high,ece,ece_low,ece_high,utility,utility_low,utility_high
static_adaptive_pml_0.025,static,pml,0.025,adaptive,8.0,20,80,0.015625,0.015625,0.015625,3.980964259258984,3.854599804617056,4.123438107813179,3980.9642592589844,3854.5998046170553,4123.438107813176,0.015625,0.015625,0.015625,4.158883083359674,4.158883083359674,4.158883083359674,0.925,0.875,0.975,61.0,61.0,61.0,6.0,6.0,6.0,0.015625,0.015625,0.015625,0.003288782282684722,0.0016135567732366513,0.0052581212276334235,0.125,0.0625,0.2,0.125,0.0625,0.2,1.0,1.0,1.0,12.445337500000003,12.3000553125,12.61728546875,13.635574375,13.049198281250002,14.282362203125,0.0,0.0,0.0,0.036101083032490974,0.01779359430604982,0.05681818181818182
static_adaptive_pml_0.05,static,pml,0.05,adaptive,8.0,20,80,0.015625,0.015625,0.015625,3.980964259258984,3.854599804617056,4.123438107813179,3980.9642592589844,3854.5998046170553,4123.438107813176,0.015625,0.015625,0.015625,4.158883083359674,4.158883083359674,4.158883083359674,0.925,0.875,0.975,61.0,61.0,61.0,6.0,6.0,6.0,0.015625,0.015625,0.015625,0.003288782282684722,0.0016135567732366513,0.0052581212276334235,0.125,0.0625,0.2,0.125,0.0625,0.2,1.0,1.0,1.0,12.387787499999996,12.284137343749999,12.509681875,13.434902499999998,13.0837571875,13.901368421874999,0.0,0.0,0.0,0.036101083032490974,0.01779359430604982,0.05681818181818182
static_adaptive_pml_0.1,static,pml,0.1,adaptive,8.0,20,80,0.015625,0.015625,0.015625,3.980964259258984,3.854599804617056,4.123438107813179,3980.9642592589844,3854.5998046170553,4123.438107813176,0.015625,0.015625,0.015625,4.158883083359674,4.158883083359674,4.158883083359674,0.925,0.875,0.975,61.0,61.0,61.0,6.0,6.0,6.0,0.015625,0.015625,0.015625,0.003288782282684722,0.0016135567732366513,0.0052581212276334235,0.125,0.0625,0.2,0.125,0.0625,0.2,1.0,1.0,1.0,12.249743749999997,12.2103875,12.298718593749998,13.314783125,12.848646312500001,14.176034593749998,0.0,0.0,0.0,0.036101083032490974,0.01779359430604982,0.05681818181818182
static_adaptive_pml_0.25,static,pml,0.25,adaptive,8.0,20,80,0.03430552233914399,0.02023834588360084,0.05199622107957766,4.070797412298914,3.8777744734072783,4.291185129829265,4070.797412298911,3877.7744734072785,4291.185129829264,0.03959545686307893,0.03769588590964594,0.04152920553900333,3.9143970097795133,3.845745538651833,3.986135789769097,0.93203125,0.8958203124999999,0.96458984375,49.6140625,47.99852213541666,51.20606770833333,5.578334648196664,5.5231103886666935,5.629523594230403,0.015625,0.015625,0.015625,0.014008393337773387,0.010251626132545977,0.018183620195184647,0.45,0.3375,0.5709374999999999,0.5125,0.375,0.6625,1.0,1.0,1.0,12.166356249999998,12.13747953125,12.201744062499998,12.892361249999999,12.810463312500001,12.992799953125001,0.049437167885601235,0.03716429542409073,0.06465412003833959,0.148014440433213,0.11313707410177712,0.18333633093525178
static_adaptive_pml_0.5,static,pml,0.5,adaptive,8.0,20,80,0.20490830904844576,0.1710415080398479,0.24562992498811592,2.2717524017500503,2.078277939548386,2.463391591603567,2271.7524017500496,2078.277939548386,2463.391591603568,0.17580206742166815,0.15515580550266375,0.1996385853392306,2.5727486573068794,2.433778188925449,2.6858787143201748,0.9445312500000002,0.9179622395833331,0.9690104166666667,22.525520833333335,20.760657552083334,24.446126302083332,3.749519412577874,3.5741340164502233,3.9051003258834838,0.015625,0.015625,0.015625,0.05828065082872669,0.04863285475850052,0.06909416770483698,0.8666666666666668,0.7874999999999999,0.95,2.075,1.725,2.4625,1.0,1.0,1.0,12.213593750000001,12.197662500000002,12.228431718750002,12.8454275,12.802486140624998,12.891028062499998,0.11304355080570017,0.0929899992244204,0.13334320668204283,0.5992779783393503,0.5422429998316594,0.6542790718824961
static_adaptive_pml_1,static,pml,1.0,adaptive,8.0,20,80,0.38163928488168164,0.32554237617908965,0.4392931024488956,1.4829173052250522,1.3068786855114567,1.6916328288804487,1482.9173052250521,1306.8786855114565,1691.6328288804486,0.3714728602410916,0.3248607932058472,0.41993864699436795,1.998612311904375,1.8145954239410123,2.1933026518338665,0.9815104166666668,0.9676953124999998,0.9940104166666668,18.695572916666666,16.898138020833333,20.77684895833333,2.947955661032831,2.705997137617076,3.2109152919981994,0.015625,0.015625,0.015625,0.0807697245879172,0.06935488615731823,0.09242569401181515,0.95,0.8875,1.0,2.8875,2.4625,3.325,1.0,1.0,1.0,13.257581250000001,13.212037500000001,13.3102059375,14.011587500000001,13.89870303125,14.161531359375,0.08558968897873262,0.07664817540869846,0.09456095704209118,0.8339350180505416,0.7789030612244898,0.8880014925373134
static_adaptive_pml_2,static,pml,2.0,adaptive,8.0,20,80,0.45266894287140724,0.40943664723464385,0.49686017565233004,1.28928649528525,1.1385716344173342,1.4490711164374424,1289.28649528525,1138.5716344173345,1449.071116437443,0.44530068880808765,0.40784057249512157,0.48208844537361767,1.7593450967392943,1.615854021988132,1.9194385340771443,0.978125,0.9552083333333334,0.9942773437500001,16.472395833333334,14.630813802083335,18.493704427083333,2.601062513102608,2.4044769113547613,2.807025098936108,0.015625,0.015625,0.015625,0.09087960253601897,0.08003514831370608,0.10312460698063576,0.9875,0.9625,1.0,3.25,2.8375,3.7003125,1.0,1.0,1.0,13.593206250000003,13.564243593750001,13.618219062500001,14.214035,14.157389156250003,14.276324421874998,0.10109657060031993,0.08793156731424391,0.1148641831991786,0.9386281588447654,0.9180283957845433,0.9597069597069596
static_adaptive_pml_4,static,pml,4.0,adaptive,8.0,20,80,0.49341923467061655,0.43347581112225114,0.5470938535561594,1.2769826174218477,1.1064117099927138,1.4645727936933186,1276.9826174218476,1106.4117099927141,1464.5727936933183,0.5175028927087394,0.46910311877647065,0.5597947684061468,1.6270690755168526,1.4441792331266785,1.838495874859284,0.9804687499999998,0.9697916666666666,0.9898502604166667,14.060677083333331,12.33473958333333,15.932480468749993,2.259757650551695,2.0327577444358895,2.509537904498985,0.015625,0.015625,0.015625,0.09645925201079228,0.08432393974046488,0.10952589525613637,1.0,1.0,1.0,3.45,3.0125,3.9375,1.0,1.0,1.0,13.265593750000003,13.235668593749999,13.29658734375,14.041753125,13.9378250625,14.15260428125,0.1008729352901897,0.08502437137880933,0.11824060980829666,0.996389891696751,0.9883709619039001,1.0
static_adaptive_pml_8,static,pml,8.0,adaptive,8.0,20,80,0.4972204601503479,0.4558897258507447,0.5407952444018392,1.2791671276989414,1.131564665001394,1.4313981798471387,1279.1671276989414,1131.5646650013941,1431.3981798471389,0.5185459513310063,0.4838403994081975,0.555059524311038,1.5968727231607613,1.4540136681628617,1.7513951519408968,0.9846354166666667,0.9755208333333334,0.9924479166666667,14.382291666666669,12.731529947916666,16.169654947916666,2.2765617633968143,2.073037583919302,2.4694103295469025,0.015625,0.015625,0.015625,0.09682689906961582,0.08472475307532071,0.10962736636550895,1.0,1.0,1.0,3.4625,3.025,3.95,1.0,1.0,1.0,13.44506875,13.40422484375,13.491900312499997,14.16207375,14.057834562499998,14.295270828124995,0.09403366160948498,0.0804018273576583,0.10718842783419372,1.0,1.0,1.0
static_adaptive_privic_0,static,privic,0.0,adaptive,8.0,20,80,0.19270039543592407,0.1547878022270161,0.23699283587295986,2.408179457615879,2.2133112420135124,2.6329393007414104,2408.1794576158795,2213.311242013512,2632.9393007414105,0.21080088856844367,0.17688909290899849,0.24744251053262917,2.7943550917313584,2.6235914009105263,2.9711871423104568,0.9398437499999999,0.9125000000000002,0.9653710937500001,26.020052083333336,24.42936197916667,27.47727864583333,3.8693807098875914,3.686145732337915,4.040549643089192,0.015625,0.015625,0.015625,0.049363872524771556,0.040666783616002546,0.057159350981952316,0.8791666666666667,0.7833333333333334,0.9625,1.775,1.45,2.05,1.0,1.0,1.0,2.097675,2.06430015625,2.1291745312499994,2.44154625,2.31300246875,2.5779116093750005,0.16040222180230923,0.14029226346202975,0.17935003921057888,0.5126353790613718,0.44910505430242276,0.5837362867488111
static_adaptive_privic_0.1,static,privic,0.1,adaptive,8.0,20,80,0.43107770835774,0.3772289143644616,0.4842080874188454,1.4672269799071196,1.2819942054656408,1.665393410297431,1467.2269799071196,1281.994205465641,1665.3934102974313,0.42767070471180474,0.395675620763583,0.4593973090596646,1.9313805821527055,1.7321007340972738,2.1431966225109664,0.9643229166666668,0.9413997395833331,0.9838671875000001,17.31614583333333,15.685572916666667,18.902135416666663,2.800762235167542,2.6164782806546327,2.9741238704971065,0.015625,0.015625,0.015625,0.062003209605203925,0.05074442372577499,0.07444175603311276,0.9083333333333332,0.825,0.975,2.225,1.825,2.675,1.0,1.0,1.0,2.0958312500000003,2.0713934374999994,2.1224315625000005,2.429264375,2.342703671875,2.5283962812499996,0.1578257989134267,0.14092169771078877,0.17618739760862484,0.6425992779783394,0.5789379699248121,0.6993263251406573
static_adaptive_privic_0.3,static,privic,0.3,adaptive,8.0,20,80,0.42309267332979905,0.36531772733817824,0.48147642216861397,1.439007329750226,1.2413041317454705,1.6568754003403479,1439.007329750226,1241.3041317454708,1656.8754003403476,0.42301005204398,0.38685782177309824,0.4561773480769985,1.9772118293434424,1.7598642527871955,2.232251305317519,0.9638020833333332,0.9361979166666666,0.9846419270833333,17.515625,15.88842447916667,19.126321614583333,2.8172368090893998,2.6226312422602156,3.0098933372980485,0.015625,0.015625,0.015625,0.060919836739928776,0.049888414445867245,0.07272735761384769,0.9083333333333332,0.825,0.975,2.1875,1.8,2.6003125,1.0,1.0,1.0,2.0342124999999998,2.0297809374999995,2.0383756249999996,2.2020743749999996,2.188228390625001,2.2171457968749997,0.18424171425539115,0.16291868317845584,0.20701887942631766,0.631768953068592,0.5724517848079851,0.6864777491984073
static_adaptive_privic_1,static,privic,1.0,adaptive,8.0,20,80,0.38977503942956304,0.34005703446987134,0.4409610343429581,1.5935270373606751,1.4032226431133057,1.77988622152293,1593.5270373606752,1403.222643113306,1779.8862215229306,0.3688251304946845,0.34075689983789714,0.40232250952945287,2.1033555682864393,1.9308654856637304,2.2745921851744377,0.9572916666666667,0.9296809895833333,0.98203125,17.81015625,16.693404947916665,18.969804687499998,3.0309594546496363,2.872071541230363,3.178761253073776,0.015625,0.015625,0.015625,0.06726190685006003,0.058351880820604884,0.07633681911784274,0.9458333333333334,0.8998958333333333,0.9875,2.4125,2.1,2.7256249999999995,1.0,1.0,1.0,2.0413687499999997,2.0377242187499998,2.0448339062500005,2.2263068749999997,2.2075998125000003,2.2487737812499997,0.21619926620444635,0.19699915788103597,0.23821565648107942,0.6967509025270758,0.625396986970684,0.7626519314854187
static_adaptive_privic_3,static,privic,3.0,adaptive,8.0,20,80,0.4932985364029623,0.4286517911578704,0.5485369102757153,1.2860944158096435,1.1122545221416003,1.4887652864963032,1286.0944158096438,1112.2545221416003,1488.7652864963027,0.4771213663645055,0.4319888671963878,0.5154881718986584,1.7706488634885027,1.576652335881516,1.9926371569941288,0.96875,0.94765625,0.9864648437500001,15.051302083333331,13.361555989583334,16.8212109375,2.524990896032362,2.3142828142212983,2.763110191313742,0.015625,0.015625,0.015625,0.08499119753499944,0.07498553840146997,0.0951232510073701,1.0,1.0,1.0,3.05,2.675,3.425,1.0,1.0,1.0,2.03346875,2.02751875,2.03884375,2.20606625,2.1911522656249995,2.22262178125,0.17728007709467808,0.15885985206170747,0.19835287255434506,0.8808664259927798,0.8333333333333334,0.9271274450494051
static_adaptive_privic_10,static,privic,10.0,adaptive,8.0,20,80,0.48851236147147803,0.42179275715335623,0.5507029912825698,1.2929697932154611,1.0817480502994041,1.5399043833386286,1292.9697932154613,1081.7480502994042,1539.9043833386286,0.49919865196645646,0.4537171578176589,0.5399643286088391,1.7158559376098208,1.5245879305949939,1.9295646870816177,0.9755208333333334,0.9518098958333334,0.9940104166666668,15.166145833333335,13.38390625,17.16583333333333,2.4223409509098577,2.208746212702091,2.6731797577665017,0.015625,0.015625,0.015625,0.0903511379638737,0.07907553955352159,0.10143828151317397,1.0,1.0,1.0,3.2375,2.8246875,3.6506249999999993,1.0,1.0,1.0,2.04895625,2.0432621875,2.0552242187500003,2.246059375,2.2249700312500007,2.270941390625,0.16234082745024322,0.14580028228292127,0.18187776128213953,0.9350180505415162,0.9047576981322565,0.9652605845904816
walk_adaptive_pml_0.025,walk,pml,0.025,adaptive,8.0,20,80,0.015625,0.015625,0.015625,4.052153157646365,3.9694207426539743,4.135233745214945,4052.153157646363,3969.4207426539733,4135.233745214944,0.015625,0.015625,0.015625,4.158883083359674,4.158883083359674,4.158883083359674,0.9567708333333333,0.9304622395833332,0.97787109375,61.0,61.0,61.0,6.0,6.0,6.0,0.015625,0.015625,0.015625,0.003288782282684722,0.0016135567732366513,0.0052581212276334235,0.061875,0.02708333333333333,0.10520833333333332,0.125,0.0625,0.2,1.0,1.0,1.0,12.095562500000003,12.075182187500001,12.1164125,12.723976875,12.663341203125,12.801789453125002,0.0,0.0,0.0,0.03571428571428571,0.017179198479997184,0.05715233881163084
walk_adaptive_pml_0.05,walk,pml,0.05,adaptive,8.0,20,80,0.015625,0.015625,0.015625,4.052153157646365,3.9694207426539743,4.135233745214945,4052.153157646363,3969.4207426539733,4135.233745214944,0.015625,0.015625,0.015625,4.158883083359674,4.158883083359674,4.158883083359674,0.9567708333333333,0.9304622395833332,0.97787109375,61.0,61.0,61.0,6.0,6.0,6.0,0.015625,0.015625,0.015625,0.003288782282684722,0.0016135567732366513,0.0052581212276334235,0.061875,0.02708333333333333,0.10520833333333332,0.125,0.0625,0.2,1.0,1.0,1.0,12.142956250000001,12.115306875,12.17217,12.88122375,12.746705515625,13.048390000000001,0.0,0.0,0.0,0.03571428571428571,0.017179198479997184,0.05715233881163084
walk_adaptive_pml_0.1,walk,pml,0.1,adaptive,8.0,20,80,0.015625,0.015625,0.015625,4.052153157646365,3.9694207426539743,4.135233745214945,4052.153157646363,3969.4207426539733,4135.233745214944,0.015625,0.015625,0.015625,4.158883083359674,4.158883083359674,4.158883083359674,0.9567708333333333,0.9304622395833332,0.97787109375,61.0,61.0,61.0,6.0,6.0,6.0,0.015625,0.015625,0.015625,0.003288782282684722,0.0016135567732366513,0.0052581212276334235,0.061875,0.02708333333333333,0.10520833333333332,0.125,0.0625,0.2,1.0,1.0,1.0,12.433006250000002,12.266311093750003,12.592182187500004,13.293896875000002,12.982178375,13.614489062499997,0.0,0.0,0.0,0.03571428571428571,0.017179198479997184,0.05715233881163084
walk_adaptive_pml_0.25,walk,pml,0.25,adaptive,8.0,20,80,0.02374651227678571,0.016137834821428568,0.033655092269655254,3.999189298735427,3.8158428408900495,4.204719529694557,3999.189298735428,3815.84284089005,4204.719529694557,0.025806876689718143,0.02470888408421092,0.026996138925193598,4.058124280717314,4.010913440473542,4.107531698416862,0.9484375,0.9275976562499998,0.9669270833333332,55.82786458333334,54.7551953125,56.7921875,5.8562183174199784,5.819087971437286,5.8862756728890835,0.015625,0.015625,0.015625,0.011494913273741855,0.008433706081553648,0.014867953582642033,0.17312500000000003,0.12666666666666665,0.22583854166666667,0.425,0.3125,0.55,1.0,1.0,1.0,12.6390875,12.50051734375,12.79014828125,14.13943,13.650016499999996,14.640140124999997,0.02569355598645382,0.020737228157940144,0.03237072974107304,0.12142857142857143,0.0897846973841083,0.15565097276264592
walk_adaptive_pml_0.5,walk,pml,0.5,adaptive,8.0,20,80,0.07618759558945107,0.0563006078326513,0.097019455036789,2.7124795214281923,2.4979894540721017,2.932870951815226,2712.479521428191,2497.989454072101,2932.8709518152255,0.07772901000999202,0.07189969607731271,0.08345541957099746,3.4175953899999376,3.307404299980179,3.5219767649336857,0.9505208333333334,0.9286328124999998,0.9713541666666666,35.235156249999996,34.04578125,36.57461588541667,4.942053675304968,4.871939579075554,5.012688310657113,0.015625,0.015625,0.015625,0.03896275339222908,0.03044404532754647,0.0485899734149669,0.4743055555555554,0.38152256944444446,0.5689687499999999,1.4,1.0875,1.75,1.0,1.0,1.0,12.196887500000003,12.172914375,12.224956562500001,12.990298125000004,12.86091490625,13.160214734375,0.08464855731329775,0.07472529455137415,0.09705127702101855,0.39999999999999997,0.33333333333333337,0.4691074086056293
walk_adaptive_pml_1,walk,pml,1.0,adaptive,8.0,20,80,0.11516559451471557,0.09169535235046711,0.1451595953078497,2.3578025065618133,2.1399619050499377,2.577994710537722,2357.802506561813,2139.9619050499377,2577.9947105377214,0.11139766622357068,0.10147582852006064,0.12314760567854115,3.2013808325284643,3.0565414754953317,3.328515419349989,0.96015625,0.9463541666666668,0.9737044270833333,31.43541666666667,29.67451822916667,32.959661458333336,4.634044672698122,4.514154845605813,4.731720946692978,0.015625,0.015625,0.015625,0.06864941527537169,0.05758640350443141,0.07986672117116607,0.7867361111111111,0.710203125,0.8504965277777778,2.4625,2.075,2.8628124999999995,1.0,1.0,1.0,13.300231250000005,13.251244531249998,13.35547484375,14.20107375,14.005309406250001,14.499724453125003,0.09938211242688673,0.08793280275714503,0.11280236925323876,0.7035714285714285,0.6571349499209279,0.7545142883590537
walk_adaptive_pml_2,walk,pml,2.0,adaptive,8.0,20,80,0.13818882671952548,0.1117180546013278,0.16814777611937035,2.1543171658698963,1.954059444738117,2.3601936241452472,2154.317165869897,1954.059444738117,2360.1936241452468,0.1344003027035642,0.12281443081279438,0.14751030982745064,3.0772773877228934,2.937537103980906,3.203039088916003,0.9520833333333334,0.9333333333333332,0.9700585937499999,29.553125,28.093430989583332,30.94472005208333,4.466078048182052,4.3593393548084505,4.564210924669018,0.015625,0.015625,0.015625,0.08662547326639611,0.0750623275974608,0.09879417982358421,0.9258333333333333,0.8966666666666667,0.9541875,3.1,2.6875,3.5253124999999996,1.0,1.0,1.0,13.251324999999998,13.233068593749998,13.269850312500001,14.12343875,14.015114906249998,14.256851187499993,0.11170368870081364,0.09797886876871569,0.12719655821397033,0.8857142857142858,0.8475051603683709,0.9237344525359283
walk_adaptive_pml_4,walk,pml,4.0,adaptive,8.0,20,80,0.16194319886306652,0.1360749348758349,0.19033541523120825,2.054222839569106,1.8949530475850895,2.219443978317199,2054.2228395691063,1894.9530475850895,2219.4439783171997,0.1566175707827388,0.14486611579732747,0.1705140075715767,2.9512476375557686,2.832331267486706,3.0697642026630576,0.9455729166666668,0.9309895833333334,0.95990234375,26.055989583333336,24.53049479166667,27.738841145833334,4.243901340138537,4.133916979074392,4.351620037985235,0.015625,0.015625,0.015625,0.09672545271028235,0.08298915809813245,0.11020978258633361,0.9875,0.975,1.0,3.4625,2.9625,3.9375,1.0,1.0,1.0,13.359387500000002,13.324450937500002,13.39970625,14.293732499999999,14.178787000000002,14.444802171874999,0.12962037992398512,0.12030329371765094,0.13930979023265194,0.9892857142857142,0.9765856777493607,1.0
walk_adaptive_pml_8,walk,pml,8.0,adaptive,8.0,20,80,0.1634288000931942,0.13408993590619378,0.19652038670081068,2.0628526742572824,1.8851360314953964,2.2514393408212485,2062.8526742572826,1885.136031495396,2251.439340821248,0.16087759622159442,0.14713490937103452,0.17504717882029047,2.9505716914696642,2.81598848884056,3.0824549928796725,0.9526041666666666,0.9377604166666668,0.9674479166666666,26.122135416666662,24.480950520833332,27.788300781250005,4.2227082902671365,4.106365857037122,4.33884228726661,0.015625,0.015625,0.015625,0.09784464707237733,0.08421974503166088,0.11090004922938396,1.0,1.0,1.0,3.5,3.0125,3.9628124999999996,1.0,1.0,1.0,13.306281249999998,13.270099218750003,13.354700156249997,14.311991250000002,14.115918234375002,14.563861015625,0.12872010897250102,0.11631198557252735,0.14213729045137613,1.0,1.0,1.0
walk_adaptive_privic_0,walk,privic,0.0,adaptive,8.0,20,80,0.049463902398507516,0.03567885959238299,0.06516089168917436,3.1885135720704847,2.968891987274315,3.415711896824376,3188.5135720704843,2968.8919872743154,3415.7118968243763,0.07046697642734752,0.0655701384195916,0.07545562381467125,3.6055693118743313,3.506443595895442,3.702866298464653,0.9385416666666666,0.9190104166666666,0.9588541666666666,40.27005208333334,38.73429036458334,41.85350911458333,5.117434163383978,5.043895880525864,5.190944196978133,0.015625,0.015625,0.015625,0.050389702483676024,0.04058229176872081,0.05974966268803667,0.606111111111111,0.5040868055555555,0.7050052083333332,1.825,1.4625,2.175,1.0,1.0,1.0,2.06349375,2.04762453125,2.08223328125,2.2803393749999996,2.228465578125,2.336986390625,0.06657858604838582,0.05391288069767403,0.07990085913407567,0.5214285714285715,0.4561292471685543,0.5809983046426709
walk_adaptive_privic_0.1,walk,privic,0.1,adaptive,8.0,20,80,0.11955085715870431,0.0939511108693328,0.1477774546069346,2.281006613861426,2.1456796936252767,2.410495636374796,2281.0066138614266,2145.6796936252777,2410.495636374796,0.11948631561828205,0.11213211794551498,0.12746418531487883,3.120203418744368,3.019112743627025,3.220712272545993,0.965625,0.9494726562499998,0.9796940104166668,30.859114583333344,29.44337890625,32.11341796875001,4.5894944055093285,4.512978607445475,4.657805955858188,0.015625,0.015625,0.015625,0.05909160122937092,0.04831685238991587,0.0699882602777475,0.66125,0.5912447916666665,0.735630208333333,2.125,1.7375,2.5125,1.0,1.0,1.0,2.1197687499999995,2.0909528125,2.1507943749999994,2.5036118750000007,2.375707765625,2.6546650937499994,0.1174959154702756,0.10381190402050915,0.13396620245727398,0.6071428571428571,0.550582563278425,0.6655574516496018
walk_adaptive_privic_0.3,walk,privic,0.3,adaptive,8.0,20,80,0.11979313071781379,0.09491169551864581,0.14602565668216438,2.267753632708105,2.1290479494163552,2.4011799278614068,2267.7536327081048,2129.047949416355,2401.179927861406,0.11963992587163577,0.1121352207874484,0.12747266563439247,3.116615567901854,3.0176237615688652,3.219079324516551,0.9671875,0.9520768229166664,0.9809895833333334,30.836458333333344,29.435195312500003,32.09685546875,4.587328983669138,4.511595281302123,4.656857281573358,0.015625,0.015625,0.015625,0.05909160122937092,0.04831685238991587,0.0699882602777475,0.66125,0.5912447916666665,0.735630208333333,2.125,1.7375,2.5125,1.0,1.0,1.0,2.0697874999999994,2.0598390625,2.08436265625,2.3247393750000005,2.2268987187500007,2.4992903281250007,0.11862895648268797,0.10504717155386162,0.13558740429562802,0.6071428571428571,0.550582563278425,0.6655574516496018
walk_adaptive_privic_1,walk,privic,1.0,adaptive,8.0,20,80,0.10878453476071637,0.08615864602811583,0.13282906872345146,2.229152423205965,2.059851272133626,2.4169738258150937,2229.1524232059655,2059.8512721336265,2416.973825815093,0.11677686094371897,0.10895609449396516,0.12528597620254533,3.193785961575819,3.085832653324995,3.2963423474697677,0.95,0.9263020833333335,0.9721354166666668,30.159635416666664,28.91908203125,31.430319010416667,4.581555526002082,4.501216375600869,4.65828459844855,0.015625,0.015625,0.015625,0.07056266315272473,0.05978600114897755,0.08114604996676548,0.8218749999999998,0.7481145833333335,0.8866666666666665,2.5375,2.1375,2.925,1.0,1.0,1.0,2.07808125,2.0559071875000003,2.111486875,2.57893,2.303891078125,3.0691976562500005,0.11495648542051755,0.09895493674067575,0.13365705496805605,0.725,0.6715840515805879,0.7765197484554281
walk_adaptive_privic_3,walk,privic,3.0,adaptive,8.0,20,80,0.1508307936760294,0.12117976741390961,0.18303452485998614,2.0474724570888796,1.866609967785145,2.2247190335788973,2047.4724570888798,1866.6099677851457,2224.719033578898,0.15421132793843662,0.14205723962581673,0.16694794876456787,3.0253506798534286,2.88284585792238,3.1561012579775567,0.9442708333333332,0.9234309895833334,0.9630338541666668,25.43177083333333,24.136197916666667,26.88835286458333,4.254583880278501,4.153743143089109,4.350976049069322,0.015625,0.015625,0.015625,0.09183952104886896,0.07906630574111506,0.1035320519371194,0.9724999999999999,0.9483333333333333,0.9916666666666666,3.2875,2.8371874999999998,3.7,1.0,1.0,1.0,2.112775,2.08582671875,2.1412234375000003,2.8806481249999996,2.6460290312499994,3.1262427343750003,0.13774600066126053,0.12484779607033594,0.15422345586102154,0.9392857142857143,0.9114722125334264,0.9655270376175548
walk_adaptive_privic_10,walk,privic,10.0,adaptive,8.0,20,80,0.1727553620222952,0.13804722789452475,0.21029933096802222,2.027159315762473,1.8570541583418838,2.2099212760717943,2027.1593157624727,1857.054158341884,2209.9212760717937,0.1675961485126928,0.15388887589697417,0.18391937827179308,2.9231312215471386,2.8001881000415016,3.039912005356879,0.946875,0.93125,0.9622460937499999,25.100520833333338,23.845149739583334,26.357825520833337,4.162896587904526,4.045632653791732,4.258978366145802,0.015625,0.015625,0.015625,0.09784464707237733,0.08421974503166088,0.11090004922938396,1.0,1.0,1.0,3.5,3.0125,3.9628124999999996,1.0,1.0,1.0,2.1461249999999996,2.11205296875,2.180560624999999,2.994054375,2.77248234375,3.239162218749999,0.1327665153383924,0.11690155278290708,0.15035875206941152,1.0,1.0,1.0
commute_adaptive_pml_0.025,commute,pml,0.025,adaptive,8.0,20,80,0.015625,0.015625,0.015625,3.9644432317942617,3.8510326761184346,4.081870723410437,3964.44323179426,3851.0326761184333,4081.870723410435,0.015625,0.015625,0.015625,4.158883083359674,4.158883083359674,4.158883083359674,0.9760416666666668,0.9661458333333333,0.9848958333333332,61.0,61.0,61.0,6.0,6.0,6.0,0.015625,0.015625,0.015625,0.003288782282684722,0.0016135567732366513,0.0052581212276334235,0.059097222222222225,0.024722222222222222,0.10180729166666666,0.125,0.0625,0.2,1.0,1.0,1.0,13.067074999999999,12.839199531250001,13.29860734375,17.765156875,16.214388109374998,19.359042765625,0.0,0.0,0.0,0.03861003861003861,0.019303163053163052,0.059926966292134835
commute_adaptive_pml_0.05,commute,pml,0.05,adaptive,8.0,20,80,0.015625,0.015625,0.015625,3.9644432317942617,3.8510326761184346,4.081870723410437,3964.44323179426,3851.0326761184333,4081.870723410435,0.015625,0.015625,0.015625,4.158883083359674,4.158883083359674,4.158883083359674,0.9760416666666668,0.9661458333333333,0.9848958333333332,61.0,61.0,61.0,6.0,6.0,6.0,0.015625,0.015625,0.015625,0.003288782282684722,0.0016135567732366513,0.0052581212276334235,0.059097222222222225,0.024722222222222222,0.10180729166666666,0.125,0.0625,0.2,1.0,1.0,1.0,12.81039375,12.717162187500001,12.909084062500002,14.853944375000001,14.168430812500002,15.71413696875,0.0,0.0,0.0,0.03861003861003861,0.019303163053163052,0.059926966292134835
commute_adaptive_pml_0.1,commute,pml,0.1,adaptive,8.0,20,80,0.015625,0.015625,0.015625,3.9644432317942617,3.8510326761184346,4.081870723410437,3964.44323179426,3851.0326761184333,4081.870723410435,0.015625,0.015625,0.015625,4.158883083359674,4.158883083359674,4.158883083359674,0.9760416666666668,0.9661458333333333,0.9848958333333332,61.0,61.0,61.0,6.0,6.0,6.0,0.015625,0.015625,0.015625,0.003288782282684722,0.0016135567732366513,0.0052581212276334235,0.059097222222222225,0.024722222222222222,0.10180729166666666,0.125,0.0625,0.2,1.0,1.0,1.0,12.426831249999998,12.396043281250002,12.459656718749999,13.2195075,13.078087624999997,13.3940225625,0.0,0.0,0.0,0.03861003861003861,0.019303163053163052,0.059926966292134835
commute_adaptive_pml_0.25,commute,pml,0.25,adaptive,8.0,20,80,0.030017903645833326,0.02272549680679564,0.03760992625403025,3.8586435973024913,3.694984337241594,4.039041425334014,3858.64359730249,3694.984337241594,4039.0414253340123,0.025948999015765167,0.024900613015836293,0.027085688804573384,4.015406300307718,3.9676989285694204,4.06000945162248,0.9682291666666666,0.9533723958333333,0.9807291666666667,55.89817708333334,55.049466145833335,56.74432291666667,5.858974652463044,5.832645460512615,5.883405757012949,0.015625,0.015625,0.015625,0.010770123357775468,0.007780435872594477,0.013764806140832106,0.16263888888888892,0.11117013888888888,0.2177777777777777,0.4,0.2875,0.5125,1.0,1.0,1.0,12.3705375,12.307275624999997,12.44688046875,13.905370624999998,13.141741265625003,14.844300171875,0.0315680772074624,0.027552278963292466,0.03552399214710704,0.12355212355212357,0.09302068326816217,0.15353495052665178
commute_adaptive_pml_0.5,commute,pml,0.5,adaptive,8.0,20,80,0.03978767516121032,0.03284968687996031,0.046746673099578376,3.444681977127992,3.3340609528566367,3.5488551966672657,3444.6819771279925,3334.060952856637,3548.8551966672662,0.06628388942737506,0.06231697821246947,0.07076008775544927,4.242553928076646,4.113167707050871,4.370443722315818,0.8197916666666666,0.79296875,0.8479166666666667,37.231510416666666,35.88986328125001,38.61349609375001,5.08539967056832,5.0192406472454705,5.149143828884439,0.015625,0.015625,0.015625,0.03344784567324215,0.025839635437460866,0.04252443193509586,0.4261805555555555,0.3449305555555555,0.4996614583333332,1.2125,0.9375,1.5253124999999996,1.0,1.0,1.0,12.2286375,12.181474218750003,12.291937031249999,13.362414375,12.902340578125001,14.224137234375,0.04574390143600081,0.04084501296197285,0.050074053568193715,0.3745173745173745,0.31817300916138125,0.4280827067669173
commute_adaptive_pml_1,commute,pml,1.0,adaptive,8.0,20,80,0.048040480840773815,0.039111321666253314,0.05701876330501819,3.0871163456292474,2.9828299945316883,3.1862212301186355,3087.1163456292484,2982.82999453169,3186.2212301186364,0.08943907127871076,0.08211156524102063,0.0974582312838641,4.238140495681468,4.122672987014723,4.352038170267017,0.8041666666666668,0.7843684895833332,0.8263020833333334,34.48802083333334,32.731380208333334,36.51141276041666,4.856682608677723,4.758497893391056,4.956385825181828,0.015625,0.015625,0.015625,0.05920140160927907,0.04916415339783252,0.07058424558879876,0.7140277777777777,0.6251649305555556,0.7997395833333333,2.1375,1.775,2.5625,1.0,1.0,1.0,13.300312499999999,13.280030937500003,13.325801250000001,14.123625624999999,14.00048778125,14.254367359374996,0.054896013618693854,0.04992028134456654,0.05969207749051014,0.6602316602316604,0.5999801587301588,0.7169237531969309
commute_adaptive_pml_2,commute,pml,2.0,adaptive,8.0,20,80,0.05372756701125843,0.0445289232365038,0.06288597153172348,3.0591731105101796,2.9540103346438196,3.1727113729855514,3059.17311051018,2954.0103346438204,3172.7113729855514,0.10800761996608918,0.09804386532228482,0.11793210481928766,4.220795435949076,4.107370325217317,4.332257237201088,0.7953124999999999,0.7710937500000001,0.8192708333333334,31.750260416666674,29.686419270833333,33.921451822916666,4.678764259075789,4.560222372396295,4.8022806815388295,0.015625,0.015625,0.015625,0.07057945276814014,0.06012786898639184,0.08298287334834868,0.8348611111111112,0.769984375,0.8961423611111108,2.55,2.175,3.0,1.0,1.0,1.0,13.472662500000002,13.443242968749997,13.5034421875,14.348540624999998,14.238210500000003,14.481776734374998,0.06896053681129828,0.06069926672375275,0.07687641546322165,0.7876447876447876,0.737775956284153,0.8380698300870286
commute_adaptive_pml_4,commute,pml,4.0,adaptive,8.0,20,80,0.07143731506114578,0.061792190404563636,0.08122661523108092,2.793034200963566,2.685621432955849,2.900172081338613,2793.0342009635665,2685.6214329558497,2900.1720813386128,0.13100678240181649,0.12311707906765941,0.13933820527875956,4.217508557673008,4.115016959233599,4.3205840667135655,0.77265625,0.7557291666666667,0.7908919270833332,28.621614583333336,27.30877604166667,30.06369140625,4.462183829602785,4.38125488170855,4.546365796510354,0.015625,0.015625,0.015625,0.08514028092011956,0.074387467583889,0.0975726673992588,0.9727777777777777,0.9567343749999999,0.9866666666666666,3.0875,2.6875,3.5375,1.0,1.0,1.0,13.334587499999998,13.305173593750002,13.36553953125,14.144273125000002,14.053373203125,14.236257421874999,0.08058984298205671,0.07208724095229592,0.0887251510371204,0.9536679536679536,0.9347766798418972,0.974025974025974
commute_adaptive_pml_8,commute,pml,8.0,adaptive,8.0,20,80,0.0778478275240319,0.06817095858521839,0.08781916050813994,2.718283892029645,2.6061486203654436,2.8392147540442227,2718.2838920296444,2606.1486203654435,2839.2147540442234,0.13391932579829996,0.12514443465175593,0.1429352222263703,4.1646459515575245,4.072765430482946,4.252836590480869,0.78203125,0.7682226562499999,0.7976562499999998,28.357812499999994,27.129003906250002,29.761542968749993,4.440002603011098,4.359422609845918,4.525609751696612,0.015625,0.015625,0.015625,0.08888104094645832,0.07719021450878463,0.10202835954563266,1.0,1.0,1.0,3.225,2.8,3.7,1.0,1.0,1.0,13.615874999999999,13.46534765625,13.786974062500002,14.616394374999999,14.371991765624998,14.894213890624998,0.0810200201520542,0.07515350202583468,0.08713742197522105,0.9961389961389963,0.9882765997023809,1.0
commute_adaptive_privic_0,commute,privic,0.0,adaptive,8.0,20,80,0.0469539942047257,0.03822318335560134,0.05591680199592683,3.3537198633259315,3.1940372306572966,3.5425966925894428,3353.719863325931,3194.0372306572967,3542.5966925894427,0.06534254125764569,0.06050752214975713,0.07015075199685725,3.9526315576177318,3.820452801761944,4.090920454838451,0.8861979166666668,0.8650976562499998,0.9052083333333334,40.67317708333333,39.14975911458333,42.25451822916666,5.1686669557939044,5.094492555838004,5.2454891731982976,0.015625,0.015625,0.015625,0.04651406297521156,0.03889154050960063,0.053876021103585886,0.6053472222222223,0.5165208333333333,0.6827413194444444,1.6875,1.4,1.9625,1.0,1.0,1.0,2.1017749999999995,2.0767806249999996,2.1304421875000004,2.4243393749999997,2.32200634375,2.54955603125,0.03822408188217393,0.03482225417121936,0.04200039010688709,0.5212355212355213,0.464137208125497,0.5791509813384814
commute_adaptive_privic_0.1,commute,privic,0.1,adaptive,8.0,20,80,0.05156077856453062,0.045211604043966166,0.05788687649757821,3.1410608769911494,3.0454820781241114,3.2369639298126316,3141.0608769911496,3045.4820781241124,3236.9639298126317,0.10702714729240834,0.10129532827862511,0.11249712701725434,4.099281356434625,4.0215632546801405,4.176767893167816,0.8179687500000001,0.8023307291666665,0.8328125,33.04661458333333,31.788619791666665,34.17138671875,4.722712307125508,4.657773378442328,4.78461492177592,0.015625,0.015625,0.015625,0.05393250057400919,0.04392780592018328,0.06556287444177138,0.640625,0.5489548611111111,0.7209791666666666,1.95,1.6,2.3625,1.0,1.0,1.0,2.0612749999999993,2.0553250000000003,2.06777359375,2.2629124999999997,2.23561590625,2.30254265625,0.07282897892162873,0.06711346947789722,0.07866121338329936,0.6023166023166023,0.5333333333333333,0.6666666666666667
commute_adaptive_privic_0.3,commute,privic,0.3,adaptive,8.0,20,80,0.052319216428103145,0.04672639329890305,0.05829209788963207,3.143604384013668,3.0481216608608355,3.2452290607002805,3143.604384013668,3048.121660860836,3245.229060700281,0.10773415968933545,0.10153635427449817,0.11447118034575815,4.076333463603298,4.0129771439544095,4.139890191093268,0.8234375,0.80859375,0.8382877604166666,33.02239583333333,31.674186197916665,34.21026041666668,4.718299276345197,4.645860637989817,4.78635584779338,0.015625,0.015625,0.015625,0.05393250057400919,0.04392780592018328,0.06556287444177138,0.640625,0.5489548611111111,0.7209791666666666,1.95,1.6,2.3625,1.0,1.0,1.0,2.0452500000000002,2.0410148437499998,2.0491628125,2.2215481250000004,2.200988015625,2.2472541562500004,0.07139789092401574,0.06627907950198193,0.07673070317233871,0.6023166023166023,0.5333333333333333,0.6666666666666667
commute_adaptive_privic_1,commute,privic,1.0,adaptive,8.0,20,80,0.06715022967322816,0.05685082243222183,0.07781365613681755,2.775225730499728,2.6281350232873306,2.91692949862298,2775.225730499729,2628.135023287331,2916.92949862298,0.11365116559697905,0.10521076064742431,0.12221910214699351,3.9719486324745943,3.8622921025411308,4.0741467083569525,0.8244791666666667,0.8070312499999999,0.8424479166666664,30.30651041666667,28.90997395833333,31.786770833333335,4.606025758501326,4.518201110198155,4.695586767779313,0.015625,0.015625,0.015625,0.06766661864881976,0.058570932669081595,0.07816711499896263,0.7934722222222221,0.7096527777777778,0.8650885416666665,2.4625,2.1125,2.85,1.0,1.0,1.0,2.0499625000000004,2.04349359375,2.0590815625,2.22455,2.2012412656249998,2.2528639843749994,0.06773427512223083,0.06256670434929247,0.07261668603831514,0.7606177606177607,0.7116500192086055,0.8042760548142804
commute_adaptive_privic_3,commute,privic,3.0,adaptive,8.0,20,80,0.08068007066793499,0.0739437014725434,0.08846104346584338,2.8147197950143843,2.715052670976571,2.9185817752776133,2814.7197950143845,2715.052670976572,2918.581775277614,0.14850600205903097,0.13807679828627978,0.15810484284743423,4.24854766133064,4.135214934283097,4.375654911507352,0.7565104166666667,0.7328059895833335,0.77734375,27.35546875,25.95244791666667,28.690253906249996,4.358347767820563,4.260554249745998,4.45769981020385,0.015625,0.015625,0.015625,0.08608558013844511,0.07494757785857348,0.09870302938529293,0.9822916666666668,0.9583333333333333,1.0,3.125,2.7,3.575,1.0,1.0,1.0,2.0454875,2.0368625,2.0553753125,2.2563000000000004,2.2195989375,2.3041098593749996,0.08901647158078932,0.07859724799175455,0.09929942869099247,0.9652509652509653,0.9407309941520468,0.9867328467992185
commute_adaptive_privic_10,commute,privic,10.0,adaptive,8.0,20,80,0.07381884083109091,0.06230632161930298,0.08484089177727193,2.804112787487606,2.6485170091782035,2.9646662872346785,2804.1127874876056,2648.517009178204,2964.666287234679,0.13446531486667887,0.1261541534604843,0.14341372067010885,4.210150409333741,4.085103940742468,4.343319940941594,0.7723958333333332,0.7557226562499999,0.7867252604166667,28.68567708333333,27.537727864583335,29.9482421875,4.455830473685665,4.376549294018538,4.534758335633639,0.015625,0.015625,0.015625,0.08919354094645833,0.07719021450878463,0.10296304211433834,1.0,1.0,1.0,3.2375,2.8125,3.7378124999999995,1.0,1.0,1.0,2.12703125,2.0997109375,2.1546690625,2.5083637499999996,2.4009405312500003,2.6269163593749996,0.08339682189441426,0.0778849863312995,0.08845275280164598,1.0,1.0,1.0
geolife_adaptive_pml_0.025,geolife,pml,0.025,adaptive,8.0,67,67,0.015625,0.015625,0.015625,3.40301497296398,3.3434503762378065,3.472511621763778,14368.014060224752,14116.106044905546,14663.414331876449,0.015625,0.015625,0.015625,4.158883083359678,4.158883083359678,4.158883083359678,0.9959577114427859,0.9878731343283582,1.0,61.0,61.0,61.0,6.0,6.0,6.0,0.015625,0.015625,0.015625,0.0057023957191435146,0.002938733446854606,0.008620706445781027,0.15625,0.08333333333333333,0.2421875,0.208955223880597,0.1044776119402985,0.31343283582089554,1.0,1.0,1.0,12.50679104477612,12.475999440298507,12.54191119402985,13.282750746268656,13.114420335820899,13.52043882462687,0.0,0.0,0.0,0.05447470817120622,0.02978604761528118,0.08130317640385706
geolife_adaptive_pml_0.05,geolife,pml,0.05,adaptive,8.0,67,67,0.015625,0.015625,0.015625,3.40301497296398,3.3434503762378065,3.472511621763778,14368.014060224752,14116.106044905546,14663.414331876449,0.015625,0.015625,0.015625,4.158883083359678,4.158883083359678,4.158883083359678,0.9959577114427859,0.9878731343283582,1.0,61.0,61.0,61.0,6.0,6.0,6.0,0.015625,0.015625,0.015625,0.0057023957191435146,0.002938733446854606,0.008620706445781027,0.15625,0.08333333333333333,0.2421875,0.208955223880597,0.1044776119402985,0.31343283582089554,1.0,1.0,1.0,12.595425373134326,12.562440485074628,12.626821828358214,13.173654477611942,13.11013505597015,13.238434421641786,0.0,0.0,0.0,0.05447470817120622,0.02978604761528118,0.08130317640385706
geolife_adaptive_pml_0.1,geolife,pml,0.1,adaptive,8.0,67,67,0.015625,0.015625,0.015625,3.40301497296398,3.3434503762378065,3.472511621763778,14368.014060224752,14116.106044905546,14663.414331876449,0.015625,0.015625,0.015625,4.158883083359678,4.158883083359678,4.158883083359678,0.9959577114427859,0.9878731343283582,1.0,61.0,61.0,61.0,6.0,6.0,6.0,0.015625,0.015625,0.015625,0.0057023957191435146,0.002938733446854606,0.008620706445781027,0.15625,0.08333333333333333,0.2421875,0.208955223880597,0.1044776119402985,0.31343283582089554,1.0,1.0,1.0,12.63364179104478,12.617066791044776,12.648940671641792,13.196458208955221,13.13137416044777,13.279886194029856,0.0,0.0,0.0,0.05447470817120622,0.02978604761528118,0.08130317640385706
geolife_adaptive_pml_0.25,geolife,pml,0.25,adaptive,8.0,67,67,0.004019661735963043,0.00241651558983357,0.006120589852078891,4.262799587744072,4.100045418853865,4.4211074825442775,18028.287975294017,17341.07679374039,18704.14428009523,0.03322598449028526,0.03156037671299602,0.034881377991978754,4.112111990054948,4.064505073258918,4.160371417793933,0.9695273631840797,0.9527363184079599,0.9838308457711441,51.34172885572139,50.12311878109454,52.51308302238806,5.719971893093992,5.6863566812426285,5.750031299552837,0.015625,0.015625,0.015625,0.01091761110036042,0.006767874737001767,0.015146999798994209,0.2630208333333333,0.17195560515873015,0.36667968749999996,0.40298507462686567,0.2537313432835821,0.5671641791044776,1.0,1.0,1.0,12.515522388059694,12.494672947761192,12.53882108208955,13.278617910447766,13.145650895522389,13.43451207089552,0.030022095576568764,0.027695316893804986,0.03222847656120525,0.10505836575875485,0.0679213303485769,0.14545991410164638
geolife_adaptive_pml_0.5,geolife,pml,0.5,adaptive,8.0,67,67,0.06843739511766565,0.04275358103764411,0.09814003349448198,2.7083695883830217,2.5270415729261746,2.9040368385793216,11438.646334848416,10673.928736460364,12261.815440374003,0.10690490419011656,0.09494819820518345,0.11877344750074754,3.2882768713348964,3.110000014163511,3.46852683477225,0.9368781094527363,0.9041666666666668,0.9645600124378113,28.26337064676617,26.285611007462695,30.316169154228863,4.50560603572311,4.383275776993505,4.634789781552335,0.015625,0.015625,0.015625,0.04587130153901729,0.03678207628443287,0.054511545621356086,0.703125,0.6102322404371584,0.7864938446969696,1.626865671641791,1.3134328358208955,1.9402985074626866,1.0,1.0,1.0,12.559097014925376,12.532715858208954,12.589532649253737,13.69618880597015,13.249511847014922,14.444702611940295,0.10931787305809551,0.09412919111484236,0.1258383615855373,0.42412451361867703,0.3584760524999569,0.4858463726884779
geolife_adaptive_pml_1,geolife,pml,1.0,adaptive,8.0,67,67,0.22010401859748874,0.17051911634782432,0.2739913027095426,1.836050734304051,1.6824771705895254,2.0001308242351987,7757.7537004275555,7107.0599608179045,8455.236647695145,0.2377062886113543,0.21021789570328192,0.26543591196341926,2.762734120139482,2.526861456193106,3.0106821104076165,0.9194651741293535,0.8821361940298508,0.9539800995024874,21.728544776119403,19.83518345771145,23.738292910447758,3.7457111020380087,3.569723269306459,3.928012104543823,0.015625,0.015625,0.015625,0.07921376222685517,0.06736515297777261,0.08995117173243006,0.8736979166666666,0.8019089460175525,0.9368447580645162,2.8208955223880596,2.4029850746268657,3.2238805970149254,1.0,1.0,1.0,13.634888059701494,13.610910634328357,13.661043470149256,14.535705223880601,14.367452985074634,14.740698936567163,0.17659299128749273,0.15927987124870177,0.19617224836334113,0.735408560311284,0.6752997959894511,0.7906976744186046
geolife_adaptive_pml_2,geolife,pml,2.0,adaptive,8.0,67,67,0.2674997588267178,0.21050902756464793,0.32961392519668514,1.64688800111769,1.4676249731508841,1.8388522377650498,6955.52661812319,6201.446545209606,7763.204731641006,0.2796132089365636,0.24742943941299256,0.31354693653996857,2.5947552842618915,2.341499450608199,2.8619688052046994,0.933457711442786,0.8886738184079602,0.9701570273631841,19.978233830845777,18.30858986318409,21.745685634328368,3.532369831892051,3.347058644335336,3.712688363861637,0.015625,0.015625,0.015625,0.09442058587582612,0.08165350367088467,0.10644599505047098,0.92578125,0.8850888694638694,0.9623949932795699,3.3582089552238807,2.8955223880597014,3.8059701492537314,1.0,1.0,1.0,13.61848507462686,13.589931716417908,13.647089738805974,14.369863432835821,14.255857574626864,14.487362500000005,0.18471079043920957,0.1668477090959151,0.20557246280381616,0.8754863813229572,0.8304947505661154,0.91490589198036
geolife_adaptive_pml_4,geolife,pml,4.0,adaptive,8.0,67,67,0.3342136761277004,0.2769142841853766,0.3971611373068662,1.4462502519804683,1.258451042212715,1.6373580091427689,6102.940955622742,5313.373512128262,6904.65678094161,0.3450251347331311,0.3093607258773879,0.38050882888545723,2.283130382080815,2.0500979560068897,2.5229473787907035,0.9365671641791046,0.89863184079602,0.9661069651741292,17.440609452736318,15.642335199004973,19.233947450248756,3.1727764374012564,2.9846365047762657,3.375526194552872,0.015625,0.015625,0.015625,0.10549766739888469,0.0930875252468269,0.1170997026671672,0.984375,0.967741935483871,1.0,3.746268656716418,3.298507462686567,4.149253731343284,1.0,1.0,1.0,13.657000000000004,13.627528731343288,13.688402985074628,14.40516641791045,14.297401473880596,14.526898302238807,0.19449729107425864,0.17772955705032442,0.21433521551283127,0.9766536964980544,0.9576906779661016,0.9923671378399559
geolife_adaptive_pml_8,geolife,pml,8.0,adaptive,8.0,67,67,0.35576593487014335,0.29891942478020683,0.41603523522068414,1.4016912576290352,1.2241741355664104,1.585860907393103,5918.105477604569,5170.19492398482,6692.606759394078,0.3576928209068484,0.3205517341299813,0.39215337280981316,2.2308589953282,2.0134761461445128,2.4504227109646557,0.9399875621890548,0.9101290422885572,0.9654850746268657,17.076803482587067,15.309709266169152,18.87943874378109,3.1154688866675224,2.9209092323068413,3.317718593503504,0.015625,0.015625,0.015625,0.10818800110686091,0.09568000839171642,0.11984885300518212,1.0,1.0,1.0,3.8358208955223883,3.373134328358209,4.253731343283582,1.0,1.0,1.0,13.9630223880597,13.851635261194028,14.076851865671635,15.018856716417913,14.740939085820894,15.336142257462683,0.195659483529691,0.17974717415641014,0.21370135469371349,1.0,1.0,1.0
geolife_adaptive_privic_0,geolife,privic,0.0,adaptive,8.0,67,67,0.07837319524557833,0.053871987840211334,0.10750528123853469,2.4941028261571505,2.2992419676548668,2.671847343915862,10522.929877253626,9704.15168859261,11272.39064317353,0.11797684131468751,0.10593572833357473,0.13044450104746602,3.3836263686073043,3.219204965504339,3.555853118764517,0.9443407960199002,0.90605565920398,0.9717117537313429,30.396144278606965,28.56956623134328,32.11787935323382,4.573811283413623,4.456914678457179,4.679555063673734,0.015625,0.015625,0.015625,0.057283469399372455,0.04707625298704012,0.0667890666759887,0.7278645833333335,0.6388776881720429,0.8115625,2.044776119402985,1.6861940298507463,2.388059701492537,1.0,1.0,1.0,2.1243582089552238,2.105379291044776,2.142731156716418,2.4734634328358194,2.39416953358209,2.5651722201492535,0.12246072269510092,0.10598914057478896,0.1401336984377141,0.5330739299610895,0.466375736065177,0.5961556603773583
geolife_adaptive_privic_0.1,geolife,privic,0.1,adaptive,8.0,67,67,0.22319951307805042,0.17281493670245357,0.27741052925593673,2.0059653454313504,1.8110852602808931,2.2411633504248987,8445.408021004132,7630.389428628273,9428.013389682677,0.24706139711164088,0.2261538196397827,0.2671554625217004,2.798876534257691,2.566760821628852,3.038061686790143,0.9449626865671644,0.9138603855721392,0.9717117537313433,24.732276119402975,23.178288246268654,26.368252487562188,3.9039121467673943,3.780992683400773,4.032860980412423,0.015625,0.015625,0.015625,0.04465143419028724,0.03649595178046016,0.05254500994613935,0.6666666666666666,0.5706972064393939,0.7550844988344988,1.5820895522388059,1.2835820895522387,1.8656716417910448,1.0,1.0,1.0,2.077440298507463,2.0718160447761194,2.0823955223880595,2.2687134328358205,2.246538880597015,2.2917378544776112,0.21242124480916352,0.1920349056058666,0.23266656955067513,0.41245136186770426,0.3516663800112578,0.46970153340635273
geolife_adaptive_privic_0.3,geolife,privic,0.3,adaptive,8.0,67,67,0.2718875983320231,0.22196932547249584,0.3246469623027872,1.6857313647756045,1.5028093197166708,1.8565082361862835,7113.857991145207,6342.8451436477035,7834.2996926827,0.3060637305676199,0.2794345349024509,0.333532233388179,2.6436757795095964,2.4201640582335435,2.8599108819892094,0.9238184079601991,0.896144278606965,0.9505752487562187,19.265858208955223,17.602907338308455,20.85089396766169,3.4536450850760345,3.2961323698070117,3.6098017028471348,0.015625,0.015625,0.015625,0.07690204829042963,0.06538905157309007,0.0873242738631966,0.8463541666666666,0.7739853896103894,0.9086114557485524,2.7313432835820897,2.3279850746268655,3.1044776119402986,1.0,1.0,1.0,2.0690149253731343,2.0640610074626866,2.0736865671641787,2.231540298507463,2.218196847014926,2.2461108395522382,0.22077363031664737,0.20490767358134865,0.23706763463060007,0.7120622568093385,0.6483504842615011,0.7715679503395021
geolife_adaptive_privic_1,geolife,privic,1.0,adaptive,8.0,67,67,0.19853245246748744,0.14744042398755622,0.25058089208584794,1.7105124752682757,1.5082271525412412,1.9306232250459718,7215.687380075907,6366.214639948714,8140.517217970459,0.26448486300570023,0.24288146460568552,0.2884329761832369,2.7256412332499256,2.501075275092187,2.9709552429266335,0.9263059701492536,0.8883395522388059,0.9601990049751243,19.395211442786067,17.74102145522387,20.8989894278607,3.568775172565129,3.4166737321980776,3.702260827294977,0.015625,0.015625,0.015625,0.08235988849405083,0.07084117432216208,0.09307213379172172,0.8593749999999999,0.7909681309767761,0.9219576719576719,2.925373134328358,2.5223880597014925,3.328358208955224,1.0,1.0,1.0,2.0560671641791046,2.0510964552238806,2.0610001865671648,2.2239865671641788,2.207469514925373,2.2404987126865668,0.23547191812387977,0.2142731870346296,0.2579885602234176,0.7626459143968871,0.70501876759462,0.8255900086132645
geolife_adaptive_privic_3,geolife,privic,3.0,adaptive,8.0,67,67,0.3327656464652638,0.2802321049348054,0.39234220342968446,1.4713301648732848,1.2816455909420286,1.6645876634745238,6206.85155109893,5404.819853196635,7024.127578870723,0.36817019126639156,0.3401817395575029,0.39759816769592343,2.40165040591343,2.1643966376517607,2.634537983803611,0.9281716417910445,0.8892957089552236,0.9617537313432836,16.00031094527363,14.507975746268661,17.500202114427864,3.075117934226673,2.9208517725389664,3.230596161238444,0.015625,0.015625,0.015625,0.1000343931541775,0.08805362352711925,0.11076578580429498,0.9817708333333334,0.9628205128205127,0.996268656716418,3.5522388059701493,3.133955223880597,3.970149253731343,1.0,1.0,1.0,2.0606791044776123,2.05480578358209,2.0669013059701493,2.243462686567163,2.227535802238806,2.2614513432835817,0.23589717216357395,0.21476290403676168,0.2584771206208923,0.9260700389105058,0.8884754789819844,0.9640352004110997
geolife_adaptive_privic_10,geolife,privic,10.0,adaptive,8.0,67,67,0.3507888484421905,0.2971297169729969,0.40893532112589975,1.463402432185724,1.2589487797128374,1.646039503840871,6177.486609929984,5311.487745695768,6949.602989602051,0.3794334389425725,0.3513230078902374,0.40958339475600475,2.330206892445448,2.075508032635914,2.591507675713669,0.9126243781094526,0.8743703358208952,0.9487095771144277,15.700559701492544,14.189451181592043,17.190998134328353,2.998473469602181,2.8363488438032523,3.159310135812449,0.015625,0.015625,0.015625,0.10469882337681855,0.0926033649095793,0.11555521348666613,0.9908854166666667,0.9772727272727273,1.0,3.716417910447761,3.2832089552238806,4.119402985074627,1.0,1.0,1.0,2.066253731343284,2.0591402985074634,2.0746046641791045,2.2669201492537305,2.231039888059701,2.3155909701492536,0.21314833786595194,0.19791508860658188,0.2285226190741101,0.9688715953307392,0.9402970208717369,0.9959349593495935
static_adaptive_none_1,static,none,1.0,adaptive,8.0,20,80,0.4972204601503479,0.4558897258507447,0.5407952444018392,1.2791671276989414,1.131564665001394,1.4313981798471387,1279.1671276989414,1131.5646650013941,1431.3981798471389,0.5185450387458215,0.4838397062504061,0.5550588081488399,1.596873627570553,1.4540157478586515,1.7513958019960305,0.9846354166666667,0.9755208333333334,0.9924479166666667,14.38203125,12.731022135416666,16.16938802083333,2.2765760855749386,2.0730553335030564,2.4694441216569634,0.015625,0.015625,0.015625,0.09682689906961582,0.08472475307532071,0.10962736636550895,1.0,1.0,1.0,3.4625,3.025,3.95,1.0,1.0,1.0,2.1658687500000005,2.1544421875000004,2.17839890625,2.4562,2.424737875,2.4899794218749998,0.09403458081178953,0.08040297828076884,0.10718888553209201,1.0,1.0,1.0
static_adaptive_random_0.15,static,random,0.15,adaptive,8.0,20,80,0.05618220552884494,0.03427069502961298,0.08092220252767092,3.067277527752416,2.831589030943434,3.3177559174322826,3067.277527752415,2831.589030943434,3317.7559174322814,0.05786137656200787,0.03920771966431857,0.08180435536816448,3.661569667644624,3.5060003483566398,3.8092071732674078,0.9760416666666666,0.9544205729166666,0.990625,46.67942708333334,43.113203125,50.075247395833344,5.306293209802744,5.071523711505961,5.513055599867186,0.015625,0.015625,0.015625,0.015454417217102504,0.010533522951244828,0.020460005830212916,0.4291666666666667,0.31239583333333326,0.5376041666666665,0.55,0.375,0.725,1.0,1.0,1.0,2.14898125,2.1403687500000004,2.15836375,2.4740312500000003,2.4381519531249993,2.51462290625,0.059040759248695084,0.04722804927136039,0.07225104185833502,0.1588447653429603,0.11454444935869086,0.20486548261390886
static_adaptive_random_0.3,static,random,0.3,adaptive,8.0,20,80,0.11307646352178022,0.07461827464651023,0.15854911270442199,2.545735266455604,2.29776402594605,2.8136754437437594,2545.735266455604,2297.7640259460504,2813.675443743759,0.13251406461817763,0.10268304887179139,0.1641081034578591,3.1723759969705245,2.9791882030147856,3.3578409140283445,0.9747395833333332,0.9562369791666665,0.9901041666666666,35.896875,32.215722656250016,39.95360677083334,4.581912499958493,4.315285200425783,4.844368750131158,0.015625,0.015625,0.015625,0.030469392029107017,0.024760572652404483,0.036826205031571774,0.7374999999999999,0.6457291666666666,0.8209375,1.0875,0.875,1.3125,1.0,1.0,1.0,2.16144375,2.1364867187500005,2.19037,2.506825,2.4445892343750004,2.5898097968750005,0.09241674472530667,0.07361442408317907,0.10995038785337956,0.31407942238267145,0.2551584171014124,0.38407190635451505
static_adaptive_random_0.5,static,random,0.5,adaptive,8.0,20,80,0.21519839217163717,0.1474496730670513,0.28356404511418265,2.1309854776865693,1.9060457911001711,2.379838418877464,2130.9854776865695,1906.0457911001706,2379.8384188774635,0.22506681886356877,0.17110269812399054,0.27883619085753625,2.7184687966545003,2.5003992959620103,2.9427925467048386,0.9809895833333335,0.9630208333333334,0.9942708333333332,29.02135416666667,26.329114583333332,31.964967447916663,3.9444744167256793,3.6489117332203596,4.255863272621084,0.015625,0.015625,0.015625,0.04772057972472422,0.03978349159442,0.055720263522318916,0.8791666666666668,0.8083333333333332,0.9458333333333332,1.7,1.425,1.975,1.0,1.0,1.0,2.1664125,2.1557368750000006,2.1805251562500003,2.47007875,2.43254625,2.5127788749999995,0.10659965166774177,0.09272195911267549,0.12080427095286532,0.49097472924187724,0.42306451612903223,0.567481336425973
static_adaptive_random_0.7,static,random,0.7,adaptive,8.0,20,80,0.3253620117464239,0.26101249472149524,0.38769847390585005,1.7717076794438094,1.577085450447048,1.9944011154941843,1771.707679443809,1577.0854504470476,1994.401115494184,0.3348496484299966,0.2765789290540776,0.39194612292041764,2.262339845938606,2.055631998101663,2.4824160154951596,0.9815104166666666,0.9645833333333333,0.9942708333333334,22.09609375,19.961848958333338,24.80481770833333,3.2554980413402843,2.9702973709992175,3.5702388640112197,0.015625,0.015625,0.015625,0.06302048113932227,0.05399078459304019,0.07162446861422395,0.9583333333333334,0.9083333333333334,1.0,2.25,1.925,2.55,1.0,1.0,1.0,2.1294125,2.12080609375,2.1390564062500004,2.4114250000000004,2.3744632187500003,2.4629135468750003,0.11550697070212901,0.09798577923032728,0.13413047160558333,0.6498194945848376,0.5816476031358436,0.7246776326665564
static_adaptive_bsp_0.05,static,bsp,0.05,adaptive,8.0,20,80,0.045140665228765135,0.033698116191611595,0.05737307159019108,3.109156801657769,2.8596619570466446,3.4114890652766414,3109.1568016577703,2859.661957046645,3411.489065276642,0.04495806633572751,0.044397714147033224,0.045634238621471916,3.4272596449557673,3.3317253397605606,3.550876246140076,0.9388020833333333,0.8999869791666667,0.9726627604166667,34.45338541666666,32.510859374999995,36.60263671875,4.945421085906372,4.884816015296055,5.010183887198547,0.015625,0.015625,0.015625,0.027467898103586415,0.021113087916523828,0.03381737523277426,0.6083333333333332,0.5041666666666667,0.7001041666666666,1.0,0.775,1.2375,1.0,1.0,1.0,16.97575625,16.795810156250003,17.180225937499998,18.385036874999997,18.018907578125003,18.8656044375,0.0403001054273204,0.030765543579751847,0.05101976305778629,0.2888086642599278,0.23212359943977592,0.34568110483364717
static_adaptive_bsp_0.1,static,bsp,0.1,adaptive,8.0,20,80,0.07395767313198956,0.059914384415678375,0.08784875996760763,2.328332049998757,2.139919496407214,2.541044079292751,2328.3320499987567,2139.9194964072135,2541.04407929275,0.0800136069443007,0.07806956085211143,0.08163117567074119,2.962905379201545,2.8463483544402277,3.102966909813902,0.9690104166666667,0.934375,0.9942708333333332,24.63046875,22.81876953125,26.51554036458333,4.292511120882469,4.207285034348813,4.379921369306412,0.015625,0.015625,0.015625,0.046824519883840246,0.03963567089363105,0.05450304182878843,0.8333333333333334,0.7708333333333333,0.8958333333333333,1.6875,1.425,1.975,1.0,1.0,1.0,16.77234375,16.711675000000003,16.8350753125,18.512859375,17.814833671875,19.791320453125,0.04692714414639513,0.04080339236545011,0.05337921233183041,0.48736462093862815,0.43746675531914897,0.5390388494867859
static_adaptive_bsp_0.2,static,bsp,0.2,adaptive,8.0,20,80,0.15446540679011384,0.13273083132642463,0.17643919294861682,1.8159909482935668,1.63708429575377,2.0151737088310773,1815.9909482935668,1637.0842957537702,2015.1737088310767,0.14359255122352169,0.1392912388235587,0.14773188355211078,2.487517418983131,2.3575304182095347,2.6446167790880466,0.9729166666666667,0.94296875,0.9947916666666666,19.16041666666667,17.615162760416673,20.884394531250003,3.662759180405898,3.5526610804252416,3.783692423576192,0.015625,0.015625,0.015625,0.055782431927957885,0.0483215038658059,0.0635145271508232,0.9166666666666667,0.8583333333333334,0.975,2.0,1.725,2.2878125,1.0,1.0,1.0,16.47374375,16.449762031249996,16.498506250000002,17.395559374999998,17.280934421875006,17.535516937500002,0.08361830417712948,0.06825073298372739,0.10201535423028661,0.5776173285198556,0.5326349816529792,0.6270491803278689
static_adaptive_bsp_0.4,static,bsp,0.4,adaptive,8.0,20,80,0.20873854438519368,0.1729560371671277,0.24231681539132016,1.6003556880235201,1.4673658979620159,1.7588110331624442,1600.3556880235199,1467.3658979620157,1758.8110331624446,0.240945946725082,0.2298790111508384,0.2516126877448637,2.1875855039641268,2.0390533976551666,2.3614329273247963,0.97578125,0.9552083333333334,0.9906315104166666,15.504687499999998,13.841464843750002,17.37641276041667,3.0495739726785347,2.9056245897453286,3.2080200473664076,0.015625,0.015625,0.015625,0.07589185069907735,0.06665216352859131,0.08496632083206068,0.9875,0.9625,1.0,2.725,2.3875,3.075,1.0,1.0,1.0,16.63725,16.595110937500003,16.684399374999998,17.698595625,17.501153375,17.925587078125,0.13329842329046343,0.11204937280704445,0.15698682202909522,0.7870036101083033,0.7464609692050609,0.8298879646282973
walk_adaptive_none_1,walk,none,1.0,adaptive,8.0,20,80,0.16362411259319418,0.13466604846757282,0.19652526951331067,2.0623752437017266,1.8845997316834788,2.250508351237915,2062.3752437017274,1884.5997316834785,2250.5083512379147,0.16088554230688437,0.14714440742800403,0.17505571927817792,2.950534546396183,2.8159421392639827,3.082423687698193,0.9526041666666666,0.9377604166666668,0.9674479166666666,26.1171875,24.476555989583332,27.781106770833336,4.222440432943262,4.1061126058796695,4.33854409214626,0.015625,0.015625,0.015625,0.09784464707237733,0.08421974503166088,0.11090004922938396,1.0,1.0,1.0,3.5,3.0125,3.9628124999999996,1.0,1.0,1.0,2.142625,2.1328721875,2.15385625,2.5014700000000003,2.4542309531249997,2.5647522656249993,0.12868370365602544,0.11622797394771986,0.14213010672446377,1.0,1.0,1.0
walk_adaptive_random_0.15,walk,random,0.15,adaptive,8.0,20,80,0.0370545249245394,0.01849439863635986,0.05598368528814979,3.527219084172908,3.201321465799131,3.8629929427107594,3527.2190841729084,3201.3214657991316,3862.992942710759,0.03807379915613459,0.031937210107009235,0.04514622739567554,3.832279133197762,3.7429603455536715,3.9169658597092747,0.9677083333333334,0.95703125,0.9786458333333332,50.26770833333333,48.26884114583334,52.38666015625001,5.592373701256138,5.502888633903024,5.6817454546538,0.015625,0.015625,0.015625,0.01815626477239839,0.012033665133398656,0.024638683015552113,0.24951388888888887,0.1747829861111111,0.3183385416666666,0.65,0.4375,0.875,1.0,1.0,1.0,2.1205937500000003,2.1078623437499995,2.1362382812499994,2.4743325,2.42474621875,2.540547796875,0.04557681983808269,0.033940619284650066,0.05717645503262741,0.18571428571428572,0.13702020202020201,0.23052752166951912
walk_adaptive_random_0.3,walk,random,0.3,adaptive,8.0,20,80,0.049751688259650394,0.031111764120109627,0.06993438787943303,3.256550054765306,2.9924223139500965,3.51523206801278,3256.550054765306,2992.4223139500964,3515.23206801278,0.05483056838689489,0.04641743972154461,0.06456181437899078,3.706946178039197,3.5993118172708667,3.805534455412501,0.9515625,0.9320312500000002,0.9692708333333332,44.51093749999999,42.22968098958333,46.94289713541667,5.342990476870944,5.226660366740261,5.457513820672964,0.015625,0.015625,0.015625,0.032211312775478236,0.025817708792785207,0.038728248316978374,0.4132638888888889,0.338734375,0.4898020833333332,1.1625,0.925,1.4,1.0,1.0,1.0,2.1271625,2.1193584375000003,2.13488203125,2.5054925,2.4729860625000004,2.5392478124999993,0.0622690192358434,0.05057164095012182,0.07579700550796618,0.3321428571428572,0.2762211668928087,0.3878001803130891
walk_adaptive_random_0.5,walk,random,0.5,adaptive,8.0,20,80,0.07869040483381196,0.05729555937553612,0.10016746989996544,2.803417426210183,2.6068813589803272,3.002619709766262,2803.417426210183,2606.881358980328,3002.619709766261,0.07887688693449935,0.07077689629773305,0.0878652353416551,3.512102432004471,3.3954762561993013,3.6231353825605033,0.9432291666666665,0.9213411458333333,0.9617252604166666,38.53125000000001,36.69007161458332,40.35983072916666,5.033808631617197,4.940231312152779,5.127914630410107,0.015625,0.015625,0.015625,0.04743666272026317,0.03972991942563352,0.05484858085615077,0.5880555555555556,0.5155555555555555,0.667519097222222,1.7,1.425,1.9628124999999996,1.0,1.0,1.0,2.120325,2.1146748437499996,2.1252375,2.5828406250000002,2.4667421875,2.7715110624999992,0.07598852347948402,0.06551444739248408,0.08588256525327051,0.4857142857142857,0.43233397319323763,0.5454713183495471
walk_adaptive_random_0.7,walk,random,0.7,adaptive,8.0,20,80,0.0883788096003417,0.06208475625726896,0.11649614129211269,2.5895482617185666,2.391896942834735,2.797576241617927,2589.5482617185676,2391.896942834736,2797.5762416179286,0.10153106729193515,0.09082528271155306,0.11294049505724371,3.3585803824826073,3.2407708472974597,3.4786364392766878,0.9520833333333336,0.9330729166666668,0.9708333333333332,34.01510416666667,31.912207031250006,36.07988932291667,4.780795548692193,4.666227114514676,4.894734998855157,0.015625,0.015625,0.015625,0.06470927630413091,0.054626705406574216,0.07432289394686437,0.762013888888889,0.6942083333333334,0.8348020833333333,2.3125,1.95,2.65,1.0,1.0,1.0,2.1201250000000003,2.1120746875,2.1276376562499997,2.4726399999999993,2.435862375,2.5193601875000002,0.09266457926865349,0.07893950925437615,0.10802228629812839,0.6607142857142857,0.6108945346205819,0.7192464539007092
walk_adaptive_bsp_0.05,walk,bsp,0.05,adaptive,8.0,20,80,0.03795670314566799,0.02684259330305473,0.052131222679501474,3.318706619313611,3.0939093958404356,3.54421980949904,3318.706619313611,3093.9093958404355,3544.21980949904,0.04023890810667743,0.03975028503278109,0.04074170190883067,3.677324486127702,3.598336574925125,3.7604180948611847,0.9533854166666664,0.9288997395833335,0.9760416666666668,40.23046875,39.440279947916665,41.033365885416664,5.3145232621589775,5.289325326392869,5.339064393445916,0.015625,0.015625,0.015625,0.02920458780080243,0.022796246893693264,0.036492745997767,0.39388888888888884,0.3133958333333334,0.4802482638888888,1.0625,0.825,1.325,1.0,1.0,1.0,16.55285,16.519242656249997,16.587470156250003,17.55803625,17.472177953125,17.659125375,0.03931909115691062,0.03136763171106414,0.04886258583282044,0.30357142857142855,0.24731085043988274,0.36288837744533947
walk_adaptive_bsp_0.1,walk,bsp,0.1,adaptive,8.0,20,80,0.059034095816747664,0.03752503319795801,0.08266113474515574,2.85040950806546,2.6438285808374755,3.050931865099791,2850.4095080654597,2643.828580837476,3050.931865099792,0.06779980789755186,0.06624999368160935,0.06944575711964845,3.4270975096959093,3.3419919019193616,3.5074544252912676,0.94921875,0.9309895833333334,0.9666666666666666,33.65833333333334,32.44578776041667,34.84673177083334,4.920139461450872,4.872030073877302,4.967506861333997,0.015625,0.015625,0.015625,0.04704845522929654,0.04002479921734188,0.05544630882095754,0.6326388888888888,0.5406822916666667,0.7312690972222221,1.7125,1.4621875,2.025,1.0,1.0,1.0,16.79763125,16.736200156250003,16.868476562500003,18.706388124999997,17.88193740625,20.167276187499997,0.06596445541103871,0.05323461342693747,0.08196120455953146,0.48928571428571427,0.4222222222222222,0.5584959132228249
walk_adaptive_bsp_0.2,walk,bsp,0.2,adaptive,8.0,20,80,0.10689619899135083,0.07870783448810596,0.1387609942645304,2.3174774045812674,2.1135107840128287,2.5330684160922625,2317.4774045812674,2113.5107840128285,2533.0684160922624,0.10127195770895318,0.09794508963856738,0.10502344154307999,3.1918867252373575,3.0719085003100335,3.313902271288211,0.9481770833333332,0.9302083333333334,0.965625,29.831250000000004,28.618632812499996,31.03813151041666,4.601856374140779,4.537800022564459,4.660760936400888,0.015625,0.015625,0.015625,0.06902534421495847,0.05853556968955978,0.08032336136257862,0.7924305555555556,0.708734375,0.866875,2.4875,2.1,2.8875,1.0,1.0,1.0,16.5617375,16.51697453125,16.611694062499996,17.861506874999996,17.593118015625006,18.265252249999996,0.10180570228348307,0.08295809562125432,0.12368812973021144,0.7107142857142856,0.6428510063819343,0.7672769556025371
walk_adaptive_bsp_0.4,walk,bsp,0.4,adaptive,8.0,20,80,0.13188621252226182,0.11061370561788798,0.15577570052099837,2.19716500273153,2.0527544022412236,2.3451873106134626,2197.1650027315304,2052.7544022412235,2345.1873106134626,0.12639990883464786,0.11824738471870469,0.13406018186190125,3.080003437020526,2.9770351467017044,3.185421939124563,0.95625,0.9450520833333333,0.9666666666666666,27.86484375,26.394121093750005,29.384147135416665,4.422855089574481,4.336817494864751,4.515720177745188,0.015625,0.015625,0.015625,0.08554021426286836,0.07231580045673465,0.09877923374526111,0.901597222222222,0.852982638888889,0.9454270833333333,3.075,2.6,3.55,1.0,1.0,1.0,16.77715625,16.728516406249998,16.83285796875,18.271496875,18.021301390625,18.570934968750002,0.11642409812322259,0.10324322844973517,0.13019938349521493,0.8785714285714287,0.8312164192696475,0.9213144028103045
commute_adaptive_none_1,commute,none,1.0,adaptive,8.0,20,80,0.07810824419069856,0.06837981801890504,0.08806250823117043,2.7127016091999696,2.5989606084368453,2.8336541382399654,2712.7016091999694,2598.9606084368456,2833.6541382399664,0.1341727331244847,0.12544755079677924,0.14301751993815295,4.153571049133048,4.056793817981578,4.2442051808635455,0.7835937499999999,0.7692708333333333,0.7986979166666666,28.37682291666666,27.132330729166668,29.759667968749998,4.440459102904862,4.3598542253016035,4.5259303379211735,0.015625,0.015625,0.015625,0.08919354094645833,0.07719021450878463,0.10296304211433834,1.0,1.0,1.0,3.2375,2.8125,3.7378124999999995,1.0,1.0,1.0,2.1692625,2.1539240625000002,2.1838867187499997,2.5503299999999998,2.499432359375001,2.6057259218749995,0.08110799866631438,0.07538577652376008,0.08726706515693819,1.0,1.0,1.0
commute_adaptive_random_0.15,commute,random,0.15,adaptive,8.0,20,80,0.020122425903765652,0.014767580508254694,0.025136459654274808,3.947058303052857,3.724707528212158,4.176861945362262,3947.058303052857,3724.7075282121577,4176.861945362262,0.03394958012266149,0.030754397418226886,0.03721703372096347,4.239386636279326,4.160879113799049,4.320579160895398,0.8997395833333334,0.878125,0.9213606770833335,52.26979166666668,51.017871093749996,53.461634114583326,5.673054496901944,5.625678386319834,5.7220846436574595,0.015625,0.015625,0.015625,0.015184274123333253,0.01102894163602003,0.019774304501453403,0.2181944444444444,0.1577690972222222,0.27743402777777776,0.55,0.4,0.7125,1.0,1.0,1.0,2.2627062500000004,2.22524171875,2.29710015625,2.7066918749999997,2.639249796875,2.7796739687499996,0.02677057214495728,0.023446253048016213,0.02990310262099737,0.1698841698841699,0.12851132155079464,0.20785067873303165
commute_adaptive_random_0.3,commute,random,0.3,adaptive,8.0,20,80,0.03673994693399081,0.0290259626415857,0.04521269861794007,3.484742092015651,3.314830437321909,3.6787955161639325,3484.74209201565,3314.8304373219094,3678.795516163934,0.050621631291367354,0.04417430197414484,0.058255690677185654,4.2373914184485715,4.110705303472368,4.36699347964476,0.8708333333333333,0.8447916666666666,0.8953125,45.78255208333333,43.41333984375,48.0328515625,5.409078985571112,5.302803833601386,5.508882164653696,0.015625,0.015625,0.015625,0.03062248226854595,0.023599105743711227,0.037446133183189956,0.40694444444444444,0.312875,0.4911197916666667,1.1125,0.8625,1.3625,1.0,1.0,1.0,2.19424375,2.16212515625,2.2351662499999994,2.6455699999999998,2.5285431875,2.783881234375,0.03914253481483327,0.03326406601795263,0.045215616246883965,0.34362934362934366,0.26951356423078177,0.41954528206425495
commute_adaptive_random_0.5,commute,random,0.5,adaptive,8.0,20,80,0.0476096437707023,0.03829996972043744,0.05793263236992287,3.3120241789193763,3.0849355922824095,3.557895164515444,3312.024178919376,3084.9355922824097,3557.895164515445,0.077030017332876,0.07016224304612977,0.08447646081732346,4.32386943130266,4.1936281320845445,4.4493526388947915,0.8184895833333334,0.7973958333333333,0.8411458333333333,38.401822916666674,36.39322265625,40.20783854166667,5.039446782715682,4.936964069554035,5.130923136378334,0.015625,0.015625,0.015625,0.04515259790839861,0.03690906739629095,0.05348009338213507,0.5659722222222221,0.4781753472222222,0.6452777777777776,1.6375,1.325,1.9378124999999997,1.0,1.0,1.0,2.1720875000000004,2.1660967187500004,2.1782754687500003,2.5201475,2.488293515625,2.5594785937499998,0.05397922076538181,0.048477768040311585,0.05979842070910951,0.5057915057915058,0.4325186635740269,0.5696881403688525
commute_adaptive_random_0.7,commute,random,0.7,adaptive,8.0,20,80,0.05514893083635656,0.04658087562833912,0.06375138506783445,3.1166085642247103,2.9585602346044984,3.2849625642516718,3116.608564224711,2958.560234604499,3284.962564251673,0.09961360848320176,0.0928181364376489,0.10691885490422243,4.256757967388623,4.142444462078725,4.3662595872919185,0.79609375,0.7783854166666667,0.8132942708333333,33.47708333333334,31.888750000000005,34.998059895833336,4.780581497830639,4.695692934951683,4.860794925464492,0.015625,0.015625,0.015625,0.060894097450620174,0.052315543689721675,0.06974680509904728,0.7268055555555555,0.634220486111111,0.8063315972222221,2.2125,1.8875,2.5375,1.0,1.0,1.0,2.1601375000000003,2.1510807812499997,2.169538125,2.5409725,2.49697753125,2.587351124999999,0.06241630591115536,0.05694849504133121,0.06831872523489319,0.6833976833976834,0.6204199650457489,0.7488835424329453
commute_adaptive_bsp_0.05,commute,bsp,0.05,adaptive,8.0,20,80,0.028172445953207677,0.020079524933345735,0.0364986414026331,3.774769498891787,3.5927134127929103,3.9831536074835006,3774.7694988917874,3592.7134127929094,3983.1536074834985,0.039605968545929106,0.03894445012579074,0.040261323823015074,4.183551457411741,4.048889673286967,4.337934060168769,0.8632812500000002,0.83203125,0.8901041666666666,41.23125000000001,40.14034505208333,42.403378906250005,5.351527544919469,5.315729123890737,5.3899356326367185,0.015625,0.015625,0.015625,0.027969863969675008,0.02207681370124163,0.03461547607020251,0.3770833333333333,0.29854166666666665,0.45479513888888884,1.025,0.8125,1.2625,1.0,1.0,1.0,16.839012500000003,16.624173906249997,17.088995312499996,18.944938125,18.210460546874998,19.78858715625,0.03242896733228115,0.029406427691860994,0.035396767047014235,0.3166023166023166,0.2633537565287264,0.3701932251908397
commute_adaptive_bsp_0.1,commute,bsp,0.1,adaptive,8.0,20,80,0.038753608677925086,0.03083002710090112,0.048018145525896984,3.334506332897491,3.158208037627118,3.479798657437967,3334.506332897491,3158.2080376271183,3479.7986574379665,0.0666695827330301,0.06373067536661194,0.06944141137272793,4.136482664484188,4.013556321237636,4.253516366802125,0.8247395833333334,0.7994791666666665,0.8489648437499999,35.055729166666666,33.58125,36.62555338541666,4.988551662115762,4.923005288564119,5.05350682640965,0.015625,0.015625,0.015625,0.04862862166246661,0.040222123782108904,0.058022394300779594,0.6124305555555556,0.5323350694444444,0.6916701388888888,1.7625,1.4621875,2.1,1.0,1.0,1.0,16.8883375,16.8313121875,16.95369546875,18.302765,18.100507234375,18.5204463125,0.04530691189186874,0.040725589370098306,0.04954607280710181,0.5444015444015444,0.4828763140237083,0.6050554086176303
commute_adaptive_bsp_0.2,commute,bsp,0.2,adaptive,8.0,20,80,0.053890327427925086,0.04699898533089451,0.06070569337933839,3.0116281255219652,2.911936553110434,3.1060873722345863,3011.628125521965,2911.9365531104345,3106.0873722345864,0.0959529459731063,0.08952936004734387,0.10179916501999309,4.071501936684476,3.9746609028997977,4.166326650533863,0.8283854166666667,0.8057291666666668,0.8507877604166667,32.08177083333333,30.203593750000003,34.13877604166667,4.727933520054368,4.63126146751824,4.835148137942344,0.015625,0.015625,0.015625,0.060328327400431946,0.0514889410645012,0.06969024992610058,0.7197222222222223,0.6309600694444446,0.8076701388888887,2.1875,1.8621875,2.5375,1.0,1.0,1.0,16.725524999999998,16.67424265625,16.777379843749998,18.012505,17.761361734374997,18.317119406250004,0.05495278327551982,0.0486931875754081,0.06027833128980783,0.6756756756756757,0.6283461574997624,0.7279418807752986
commute_adaptive_bsp_0.4,commute,bsp,0.4,adaptive,8.0,20,80,0.06851700270033068,0.05913892661297134,0.07800101939127319,2.9024807212425414,2.7770350715154777,3.0491524049166117,2902.480721242541,2777.0350715154777,3049.1524049166105,0.1226649442135915,0.11258491784681912,0.13208951155286328,4.314211388047001,4.1933136645652045,4.434185116069631,0.76484375,0.7437500000000001,0.7867187500000001,29.363541666666656,27.747552083333332,31.210690104166662,4.516307041823088,4.409689964994713,4.636395796899052,0.015625,0.015625,0.015625,0.07747586533484484,0.06767215947666315,0.08961962371049194,0.8939583333333333,0.8387187499999998,0.9439583333333333,2.8125,2.45,3.2503124999999997,1.0,1.0,1.0,16.799725000000002,16.77523734375,16.824225468749997,18.189786875,18.032374859375,18.375447328125,0.0779806156802498,0.06921080914018223,0.08649828432126883,0.8687258687258688,0.8319565632528352,0.9021408397665223
geolife_adaptive_none_1,geolife,none,1.0,adaptive,8.0,67,67,0.35576593487014335,0.29891942478020683,0.41603523522068414,1.4016912576290352,1.2241741355664104,1.585860907393103,5918.105477604569,5170.19492398482,6692.606759394078,0.3577181550362732,0.32058594464948853,0.3921719368328054,2.230871074021206,2.013431194400623,2.4504145628196925,0.9402985074626866,0.9104477611940297,0.9658037935323385,17.071828358208954,15.30623445273632,18.872559079601988,3.115008760039116,2.920436996983111,3.3173234327458965,0.015625,0.015625,0.015625,0.10818800110686091,0.09568000839171642,0.11984885300518212,1.0,1.0,1.0,3.8358208955223883,3.373134328358209,4.253731343283582,1.0,1.0,1.0,2.1731940298507464,2.164156343283582,2.1822089552238806,2.5118388059701484,2.473203190298508,2.5561826679104462,0.19566759491079908,0.1797568446750352,0.21371206028664017,1.0,1.0,1.0
geolife_adaptive_random_0.15,geolife,random,0.15,adaptive,8.0,67,67,0.04164448609302847,0.01954790465554891,0.06723110137201453,3.004449415500104,2.7294772444387005,3.282350563177282,12674.945911505944,11531.058256265507,13849.421511746172,0.041326734780557005,0.031107819856494544,0.055098500027908344,3.910263597048905,3.7845774615803354,4.013194411367018,0.9577114427860695,0.9284592661691541,0.9829057835820894,51.95584577114428,48.96340174129352,54.68990982587066,5.624598261813172,5.475159614467734,5.7510916594171455,0.015625,0.015625,0.015625,0.017873048612601153,0.01216006361354906,0.02386640436698166,0.3411458333333333,0.2387701643298658,0.4444444444444444,0.6417910447761194,0.43283582089552236,0.8656716417910447,1.0,1.0,1.0,2.1980820895522393,2.1878430970149254,2.2083365671641793,2.656188059701492,2.5997164365671632,2.719673712686567,0.059265872344230745,0.04056352287509564,0.08226707005202968,0.16731517509727625,0.11609800008676413,0.22177942685718793
geolife_adaptive_random_0.3,geolife,random,0.3,adaptive,8.0,67,67,0.08763833334072875,0.04902316950184325,0.13426850609872107,2.540580968068761,2.3224794414425145,2.7539336964632337,10732.675627650833,9807.634560001854,11636.012389814718,0.07112685097321869,0.05670952673746004,0.08754565573464829,3.686141222017427,3.5271219116071713,3.837040360971186,0.9263059701492538,0.8809079601990049,0.9623756218905472,42.34608208955225,39.351313743781105,45.50178793532337,5.1880065002794025,5.017916340809095,5.351718732261285,0.015625,0.015625,0.015625,0.03244006859689015,0.025736899756436525,0.039652103385987854,0.58984375,0.4895833333333333,0.6859206989247312,1.164179104477612,0.925,1.4328358208955223,1.0,1.0,1.0,2.177537313432836,2.1666861940298507,2.1890957089552243,2.5320641791044776,2.4909679104477616,2.5739649440298504,0.09638475511076451,0.06900307534060836,0.12937316674795277,0.3035019455252918,0.24376777946447933,0.36605013906637596
geolife_adaptive_random_0.5,geolife,random,0.5,adaptive,8.0,67,67,0.1652886289699139,0.12295465364782013,0.2109976853251258,2.088708304365166,1.9017484004634453,2.2850247397114494,8816.916660560051,8027.931621756549,9644.99216912398,0.1483054510657855,0.1209530889860571,0.1757034707213917,3.1566144407197427,2.975402023601352,3.321541679285087,0.9396766169154226,0.9082633706467662,0.9654928482587065,31.609763681592046,28.770631218905464,34.19689832089552,4.474875702055486,4.272437355814267,4.671544716899641,0.015625,0.015625,0.015625,0.06004852416302021,0.050763047691114484,0.06970790082709154,0.7734375000000001,0.6881552419354838,0.8489583333333333,2.1343283582089554,1.8059701492537314,2.462686567164179,1.0,1.0,1.0,2.1772388059701493,2.16854421641791,2.187485447761194,2.5935514925373138,2.5539367537313433,2.6416577425373142,0.14477446904110972,0.12099013552840587,0.17061715308563655,0.556420233463035,0.4936839027443745,0.6177672460934264
geolife_adaptive_random_0.7,geolife,random,0.7,adaptive,8.0,67,67,0.20672048820727687,0.15888294659127988,0.2561335756458521,1.8449333072284642,1.658157221042319,2.040082498357289,7793.540984123229,6996.550215335086,8621.253522052051,0.22685409785584215,0.19947572508986108,0.2545239595004955,2.823389101063756,2.622353249772441,3.030969293353964,0.9328358208955222,0.8989427860696518,0.9614505597014924,23.649875621890544,21.53090018656717,25.961777052238816,3.8704300100155584,3.687898649616138,4.051185715276131,0.015625,0.015625,0.015625,0.07546270913254718,0.06479924281728086,0.08619086538441285,0.8398437500000001,0.7661045943304007,0.9062578914141414,2.671641791044776,2.298507462686567,3.044776119402985,1.0,1.0,1.0,2.164171641791045,2.1526565298507463,2.1766699626865673,2.561299999999999,2.5081620708955223,2.6233657276119393,0.1761188459349392,0.1566779482991609,0.19390683633361697,0.6964980544747081,0.6349206349206349,0.7534830729166666
geolife_adaptive_bsp_0.05,geolife,bsp,0.05,adaptive,8.0,67,67,0.008778682233672903,0.0051261406725055265,0.013310531836724114,3.5149921458269797,3.308451015596156,3.7134981594730414,14800.59588779111,13935.07677441882,15637.375115055893,0.044018277588525445,0.043209077518609126,0.0447266976062775,3.716887324105823,3.613064032135282,3.8344447161639916,0.9322139303482587,0.8948771766169152,0.9658115671641793,35.61784825870647,33.706483208955234,37.795981032338304,5.107149527561134,5.045800978352829,5.172864326362311,0.015625,0.015625,0.015625,0.026788321655461588,0.02094044866841945,0.033360625826772565,0.52734375,0.4254825036075036,0.6388888888888888,0.9552238805970149,0.7608208955223881,1.1791044776119404,1.0,1.0,1.0,16.755858208955217,16.724162126865675,16.789418283582094,17.92937014925373,17.717814104477615,18.198427388059706,0.038950816859060204,0.03676575717230876,0.04100853588125995,0.24902723735408558,0.19833348469712103,0.3011675115682749
geolife_adaptive_bsp_0.1,geolife,bsp,0.1,adaptive,8.0,67,67,0.024429519744351827,0.00840693247131272,0.04406888929019001,2.7434312839360313,2.5918350399381525,2.91131422210679,11565.775947337597,10929.483885920745,12272.397205968246,0.0791500047437605,0.07736054544438985,0.0809284592891679,3.2689990098480797,3.1271993406497858,3.42988847063053,0.9266169154228855,0.8846315298507461,0.9599113805970149,25.721703980099498,24.09518812189055,27.39453513681593,4.512056843248271,4.435191675686516,4.592740482055512,0.015625,0.015625,0.015625,0.05286520415662586,0.04400336145437478,0.06152841789301222,0.7630208333333333,0.6794596354166664,0.8421751165501166,1.8955223880597014,1.5671641791044777,2.208955223880597,1.0,1.0,1.0,16.87191791044776,16.827738805970153,16.91575373134329,18.21245597014925,18.013771417910448,18.450029626865668,0.08322389866471491,0.07395178340892701,0.09515069749585087,0.4941634241245136,0.4297352148174199,0.5603202383471989
geolife_adaptive_bsp_0.2,geolife,bsp,0.2,adaptive,8.0,67,67,0.09265973523436215,0.053979546248173804,0.14251107252478815,2.1031184514116994,1.9079846040021327,2.294934022235019,8888.814959585665,8067.4918406636725,9702.141978733074,0.13541456865927223,0.13045876555776612,0.14024380939701747,2.9441181959073033,2.7319864009146926,3.1734108167069985,0.9406094527363184,0.9054726368159205,0.9717039800995023,22.904228855721392,21.402775186567165,24.5011815920398,4.109191051709177,4.027504802958658,4.198728162863988,0.015625,0.015625,0.015625,0.06304319899362922,0.052121755212469846,0.07265158025662977,0.7981770833333333,0.7185583024854575,0.8723118279569892,2.2388059701492535,1.835820895522388,2.582089552238806,1.0,1.0,1.0,16.866917910447768,16.8227677238806,16.912600186567165,18.85959850746268,17.887953880597014,20.555127052238806,0.1510720354625749,0.1276156538923522,0.18427456711648277,0.5836575875486381,0.5232585320243104,0.640632541023166
geolife_adaptive_bsp_0.4,geolife,bsp,0.4,adaptive,8.0,67,67,0.2230840720444714,0.1677749150229333,0.27928818100734926,1.5869338535719324,1.4129864349192067,1.7595054611251906,6702.834040690183,5966.69885497661,7433.097235329095,0.21913235171563128,0.20798276824203343,0.23078268878570057,2.543505426232258,2.343320725775529,2.75215471938174,0.9440298507462687,0.91572605721393,0.9685945273631837,19.509328358208954,17.679003420398008,21.434056281094524,3.623551585799232,3.4837000429193177,3.7624734450130966,0.015625,0.015625,0.015625,0.07893496621742499,0.0679184858039347,0.0892014185030247,0.9010416666666666,0.8515166068989071,0.9469727032227032,2.8208955223880596,2.4328358208955225,3.1944029850746265,1.0,1.0,1.0,17.00748507462687,16.97263320895522,17.042036567164182,18.278115671641785,18.11598167910447,18.457335914179104,0.22777970643051193,0.2008823782016371,0.25713642996031516,0.735408560311284,0.6775269599452242,0.7943653707270101
